8.311724662780761719e-01,8.687297701835632324e-01
8.877015113830566406e-01,8.821112513542175293e-01
9.430248737335205078e-01,8.895683288574218750e-01
1.010205507278442383e+00,8.986237049102783203e-01
1.023386716842651367e+00,9.004004597663879395e-01
1.049501180648803711e+00,9.039204120635986328e-01
1.088063240051269531e+00,9.091182351112365723e-01
1.100757598876953125e+00,9.108293056488037109e-01
1.113374471664428711e+00,9.125298261642456055e-01
1.175637483596801758e+00,9.156167507171630859e-01
1.187969684600830078e+00,9.146491885185241699e-01
1.248046636581420898e+00,9.176508784294128418e-01
1.259956598281860352e+00,9.166944026947021484e-01
1.295104980468750000e+00,9.164129495620727539e-01
1.306746482849121094e+00,9.154708385467529297e-01
1.330202817916870117e+00,9.085327386856079102e-01
1.387010812759399414e+00,9.015192389488220215e-01
1.398148536682128906e+00,9.006385207176208496e-01
1.453125953674316406e+00,8.938441276550292969e-01
1.464296579360961914e+00,8.880851268768310547e-01
1.496689319610595703e+00,8.807370066642761230e-01
1.507839679718017578e+00,8.726342916488647461e-01
1.508237838745117188e+00,8.677638769149780273e-01
1.519939661026000977e+00,8.524098992347717285e-01
1.520140409469604492e+00,8.499763011932373047e-01
1.520741701126098633e+00,8.426716923713684082e-01
1.521945476531982422e+00,8.280450701713562012e-01
1.522347211837768555e+00,8.231643438339233398e-01
1.523152112960815430e+00,8.133952021598815918e-01
1.523554563522338867e+00,8.085067868232727051e-01
1.524359703063964844e+00,7.987220883369445801e-01
1.525166273117065430e+00,7.889271974563598633e-01
1.525570154190063477e+00,7.840257883071899414e-01
1.526175498962402344e+00,7.766689062118530273e-01
1.526579856872558594e+00,7.717611193656921387e-01
1.527388095855712891e+00,7.619374990463256836e-01
1.527590751647949219e+00,7.594799995422363281e-01
1.507259368896484375e+00,7.505540847778320312e-01
1.497202873229980469e+00,7.435691356658935547e-01
1.487083911895751953e+00,7.365406751632690430e-01
1.476901292800903320e+00,7.294681072235107422e-01
1.477099895477294922e+00,7.269681096076965332e-01
1.445966958999633789e+00,7.079821228981018066e-01
1.435719490051269531e+00,6.981934309005737305e-01
1.403602600097656250e+00,6.812537908554077148e-01
1.381919622421264648e+00,6.689238548278808594e-01
1.371069908142089844e+00,6.614058017730712891e-01
1.360150575637817383e+00,6.538389921188354492e-01
1.348970890045166016e+00,6.488308906555175781e-01
1.326589107513427734e+00,6.360947489738464355e-01
1.315382242202758789e+00,6.283473968505859375e-01
1.304101705551147461e+00,6.205488443374633789e-01
1.280951738357543945e+00,6.101258993148803711e-01
1.269265890121459961e+00,6.048646569252014160e-01
1.258046150207519531e+00,5.915188193321228027e-01
1.246206760406494141e+00,5.861617922782897949e-01
1.234113693237304688e+00,5.834735631942749023e-01
1.222122430801391602e+00,5.780568122863769531e-01
1.185852289199829102e+00,5.588527321815490723e-01
1.173717021942138672e+00,5.505316853523254395e-01
1.161498069763183594e+00,5.421533584594726562e-01
1.149025440216064453e+00,5.364910364151000977e-01
1.136470317840576172e+00,5.307912826538085938e-01
1.123831987380981445e+00,5.250537395477294922e-01
1.111274957656860352e+00,5.164741277694702148e-01
1.085897922515869141e+00,4.991345405578613281e-01
1.072914361953735352e+00,4.932109117507934570e-01
1.060002326965332031e+00,4.843993186950683594e-01
1.047158479690551758e+00,4.726651310920715332e-01
1.020560741424560547e+00,4.604705572128295898e-01
9.802787303924560547e-01,4.360322356224060059e-01
9.804303646087646484e-01,4.331153631210327148e-01
9.392769336700439453e-01,4.081158638000488281e-01
9.252648353576660156e-01,4.016388654708862305e-01
9.115843772888183594e-01,3.861861228942871094e-01
8.973693847656250000e-01,3.795831203460693359e-01
8.831949234008789062e-01,3.699319362640380859e-01
8.687767982482910156e-01,3.632237911224365234e-01
8.689141273498535156e-01,3.602091073989868164e-01
8.690524101257324219e-01,3.571937084197998047e-01
8.545279502868652344e-01,3.504140377044677734e-01
8.550734519958496094e-01,3.382953405380249023e-01
8.409771919250488281e-01,3.192374706268310547e-01
8.411121368408203125e-01,3.161895275115966797e-01
8.412470817565917969e-01,3.131403923034667969e-01
8.416519165039062500e-01,3.039877414703369141e-01
8.423280715942382812e-01,2.887139320373535156e-01
8.425993919372558594e-01,2.825976610183715820e-01
8.432765007019042969e-01,2.672890424728393555e-01
8.434128761291503906e-01,2.642242908477783203e-01
8.438200950622558594e-01,2.550245523452758789e-01
8.439559936523437500e-01,2.519561052322387695e-01
8.443632125854492188e-01,2.427442073822021484e-01
8.444995880126953125e-01,2.396718263626098633e-01
8.446354866027832031e-01,2.365983724594116211e-01
8.447723388671875000e-01,2.335238456726074219e-01
8.450441360473632812e-01,2.273718118667602539e-01
8.602962493896484375e-01,2.223910093307495117e-01
8.751783370971679688e-01,2.235583066940307617e-01
9.049429893493652344e-01,2.197918891906738281e-01
9.340476989746093750e-01,2.221140861511230469e-01
9.768567085266113281e-01,2.285329103469848633e-01
1.005043268203735352e+00,2.307629585266113281e-01
1.032875299453735352e+00,2.329651117324829102e-01
1.073808431625366211e+00,2.391402721405029297e-01
1.087336540222167969e+00,2.402013540267944336e-01
1.100780963897705078e+00,2.412559986114501953e-01
1.114142179489135742e+00,2.423040866851806641e-01
1.127421140670776367e+00,2.433460950851440430e-01
1.166599273681640625e+00,2.492921352386474609e-01
1.179379463195800781e+00,2.531493902206420898e-01
1.204876661300659180e+00,2.579600811004638672e-01
1.242445945739746094e+00,2.664678096771240234e-01
1.291407108306884766e+00,2.784916162490844727e-01
1.303601980209350586e+00,2.793825864791870117e-01
1.362739086151123047e+00,2.946277856826782227e-01
1.385818958282470703e+00,3.016772270202636719e-01
1.442517995834350586e+00,3.162777423858642578e-01
1.475824117660522461e+00,3.237806558609008789e-01
1.486728906631469727e+00,3.271270990371704102e-01
1.497569084167480469e+00,3.304538726806640625e-01
1.519061088562011719e+00,3.370493650436401367e-01
1.540303468704223633e+00,3.435683250427246094e-01
1.571708679199218750e+00,3.532061576843261719e-01
1.612749576568603516e+00,3.658010959625244141e-01
1.701541662216186523e+00,3.955799341201782227e-01
1.729785203933715820e+00,4.092427492141723633e-01
1.829668045043945312e+00,4.542667865753173828e-01
1.847207546234130859e+00,4.619503617286682129e-01
1.864326953887939453e+00,4.718832373619079590e-01
1.906775236129760742e+00,4.916465282440185547e-01
1.915035486221313477e+00,4.964523911476135254e-01
1.956379175186157227e+00,5.133200287818908691e-01
1.964377403259277344e+00,5.179927945137023926e-01
1.972333431243896484e+00,5.226407647132873535e-01
1.987645387649536133e+00,5.363284349441528320e-01
2.003026008605957031e+00,5.476467013359069824e-01
2.010535001754760742e+00,5.543660521507263184e-01
2.033294200897216797e+00,5.699205994606018066e-01
2.040641307830810547e+00,5.765079259872436523e-01
2.062445640563964844e+00,5.960574150085449219e-01
2.077265262603759766e+00,6.046084761619567871e-01
2.084378719329833984e+00,6.109989881515502930e-01
2.084139347076416016e+00,6.131462454795837402e-01
2.097773075103759766e+00,6.300796270370483398e-01
2.097294807434082031e+00,6.343450546264648438e-01
2.110777616500854492e+00,6.510640382766723633e-01
2.124832391738891602e+00,6.612825393676757812e-01
2.124592065811157227e+00,6.633887290954589844e-01
2.130964994430541992e+00,6.737010478973388672e-01
2.137302160263061523e+00,6.839549541473388672e-01
2.136821985244750977e+00,6.881372928619384766e-01
2.150828599929809570e+00,6.959744691848754883e-01
2.150348901748657227e+00,7.001326084136962891e-01
2.150108098983764648e+00,7.022108435630798340e-01
2.157058715820312500e+00,7.060834765434265137e-01
2.156818866729736328e+00,7.081556916236877441e-01
2.156098842620849609e+00,7.143698334693908691e-01
2.163013935089111328e+00,7.182009816169738770e-01
2.162293910980224609e+00,7.243942618370056152e-01
2.175540447235107422e+00,7.360714077949523926e-01
2.189132452011108398e+00,7.435477972030639648e-01
2.195638179779052734e+00,7.492940425872802734e-01
2.222054958343505859e+00,7.659502029418945312e-01
2.228638648986816406e+00,7.695612907409667969e-01
2.234708070755004883e+00,7.771599292755126953e-01
2.247717857360839844e+00,7.842751145362854004e-01
2.254175901412963867e+00,7.878071665763854980e-01
2.273366212844848633e+00,7.983025908470153809e-01
2.286251306533813477e+00,8.032554984092712402e-01
2.292527675628662109e+00,8.066930770874023438e-01
2.299016952514648438e+00,8.081626892089843750e-01
2.305234909057617188e+00,8.115731477737426758e-01
2.318069219589233398e+00,8.144707083702087402e-01
2.324443578720092773e+00,8.159098029136657715e-01
2.355406284332275391e+00,8.268327116966247559e-01
2.361613035202026367e+00,8.282253146171569824e-01
2.367793083190917969e+00,8.296118974685668945e-01
2.380071163177490234e+00,8.323668241500854492e-01
2.386169910430908203e+00,8.337353467941284180e-01
2.392242908477783203e+00,8.350979089736938477e-01
2.398288965225219727e+00,8.364545106887817383e-01
2.410303354263305664e+00,8.391502499580383301e-01
2.416271924972534180e+00,8.404893875122070312e-01
2.428130865097045898e+00,8.431503176689147949e-01
2.439889430999755859e+00,8.457886576652526855e-01
2.457340240478515625e+00,8.497041463851928711e-01
2.469095706939697266e+00,8.504551053047180176e-01
2.475059986114501953e+00,8.499140739440917969e-01
2.480754852294921875e+00,8.511998653411865234e-01
2.498432636260986328e+00,8.495856523513793945e-01
2.515408992767333984e+00,8.515957593917846680e-01
2.521185636520385742e+00,8.510612845420837402e-01
2.538378000259399414e+00,8.494702577590942383e-01
2.544064044952392578e+00,8.489441275596618652e-01
2.549727678298950195e+00,8.484199643135070801e-01
2.560988664627075195e+00,8.473779559135437012e-01
2.566585779190063477e+00,8.468599319458007812e-01
2.572162151336669922e+00,8.463439941406250000e-01
2.578455209732055664e+00,8.405353426933288574e-01
2.584234714508056641e+00,8.382712602615356445e-01
2.584974527359008789e+00,8.329827785491943359e-01
2.595976829528808594e+00,8.320117592811584473e-01
2.601938962936401367e+00,8.280215263366699219e-01
2.602186441421508789e+00,8.262674212455749512e-01
2.602927207946777344e+00,8.210030198097229004e-01
2.603421688079833984e+00,8.174917101860046387e-01
2.610106229782104492e+00,8.082699775695800781e-01
2.610848903656005859e+00,8.030056357383728027e-01
2.612334966659545898e+00,7.924677133560180664e-01
2.612583160400390625e+00,7.907103896141052246e-01
2.614319324493408203e+00,7.783985733985900879e-01
2.614567756652832031e+00,7.766384482383728027e-01
2.615809917449951172e+00,7.678328156471252441e-01
2.616555690765380859e+00,7.625453472137451172e-01
2.617301464080810547e+00,7.572547793388366699e-01
2.618297576904296875e+00,7.501962184906005859e-01
2.619044303894042969e+00,7.448985576629638672e-01
2.620539903640747070e+00,7.342945933341979980e-01
2.620789527893066406e+00,7.325260043144226074e-01
2.622037172317504883e+00,7.236782908439636230e-01
2.613113403320312500e+00,7.100023031234741211e-01
2.613613367080688477e+00,7.064417004585266113e-01
2.609120607376098633e+00,6.995463967323303223e-01
2.605358362197875977e+00,6.872464418411254883e-01
2.606109619140625000e+00,6.818709969520568848e-01
2.591690301895141602e+00,6.662237644195556641e-01
2.592192411422729492e+00,6.626111268997192383e-01
2.582470417022705078e+00,6.520431637763977051e-01
2.578079938888549805e+00,6.430813074111938477e-01
2.567973852157592773e+00,6.341800689697265625e-01
2.563012361526489258e+00,6.287819743156433105e-01
2.558784246444702148e+00,6.178385019302368164e-01
2.553525924682617188e+00,6.142218708992004395e-01
2.548747539520263672e+00,6.068893074989318848e-01
2.543442487716674805e+00,6.032318472862243652e-01
2.538870811462402344e+00,5.939785838127136230e-01
2.528395414352416992e+00,5.846854448318481445e-01
2.512122869491577148e+00,5.734117031097412109e-01
2.501152038574218750e+00,5.658112168312072754e-01
2.490840911865234375e+00,5.524339079856872559e-01
2.485268354415893555e+00,5.485590696334838867e-01
2.440014600753784180e+00,5.149698257446289062e-01
2.428626775741577148e+00,5.049086809158325195e-01
2.393300771713256836e+00,4.781209826469421387e-01
2.369269847869873047e+00,4.591655135154724121e-01
2.338510751724243164e+00,4.354611635208129883e-01
2.306745052337646484e+00,4.132380485534667969e-01
2.293821096420288086e+00,4.041966199874877930e-01
2.233311414718627930e+00,3.687654733657836914e-01
2.212790966033935547e+00,3.544617891311645508e-01
2.156025171279907227e+00,3.196196556091308594e-01
2.133828163146972656e+00,3.089449405670166016e-01
2.111541032791137695e+00,2.958828210830688477e-01
2.096655845642089844e+00,2.855700254440307617e-01
2.089154243469238281e+00,2.803729772567749023e-01
2.058013916015625000e+00,2.661200761795043945e-01
2.042324542999267578e+00,2.577420473098754883e-01
2.026226758956909180e+00,2.515712976455688477e-01
2.018115758895874023e+00,2.484620809555053711e-01
1.952175617218017578e+00,2.182946205139160156e-01
1.935369968414306641e+00,2.093672752380371094e-01
1.866764545440673828e+00,1.678212881088256836e-01
1.803411722183227539e+00,1.379692554473876953e-01
1.698216438293457031e+00,9.411859512329101562e-02
1.658227682113647461e+00,7.842576503753662109e-02
1.617310285568237305e+00,6.236875057220458984e-02
1.575431346893310547e+00,4.593431949615478516e-02
1.532556533813476562e+00,2.910876274108886719e-02
1.510734081268310547e+00,2.054512500762939453e-02
1.408603906631469727e+00,-1.092910766601562500e-02
1.373113870620727539e+00,-1.899075508117675781e-02
1.300373792648315430e+00,-3.842580318450927734e-02
1.287891864776611328e+00,-4.029619693756103516e-02
1.237575769424438477e+00,-5.372154712677001953e-02
1.224706172943115234e+00,-5.566823482513427734e-02
1.211757898330688477e+00,-5.762696266174316406e-02
1.198729753494262695e+00,-5.959761142730712891e-02
1.185620546340942383e+00,-6.158053874969482422e-02
1.171893119812011719e+00,-5.469310283660888672e-02
1.158625125885009766e+00,-5.667221546173095703e-02
1.145098686218261719e+00,-5.568552017211914062e-02
1.118149518966674805e+00,-5.968630313873291016e-02
1.077251672744750977e+00,-6.880998611450195312e-02
1.049269676208496094e+00,-6.991207599639892578e-02
1.035228967666625977e+00,-7.199656963348388672e-02
1.020614147186279297e+00,-6.489908695220947266e-02
1.020452976226806641e+00,-6.183600425720214844e-02
9.773762226104736328e-01,-6.499493122100830078e-02
9.772212505340576172e-01,-6.190264225006103516e-02
9.478430747985839844e-01,-5.987429618835449219e-02
9.476907253265380859e-01,-5.676436424255371094e-02
9.473867416381835938e-01,-5.054748058319091797e-02
9.325671195983886719e-01,-4.949533939361572266e-02
8.878388404846191406e-01,-5.259239673614501953e-02
8.727817535400390625e-01,-5.469119548797607422e-02
8.726396560668945312e-01,-5.153322219848632812e-02
8.724970817565917969e-01,-4.837632179260253906e-02
8.572044372558593750e-01,-4.730057716369628906e-02
8.570642471313476562e-01,-4.413473606109619141e-02
8.414011001586914062e-01,-3.669440746307373047e-02
8.411254882812500000e-01,-3.035044670104980469e-02
8.102073669433593750e-01,-3.125631809234619141e-02
7.943987846374511719e-01,-2.691173553466796875e-02
7.941365242004394531e-01,-2.051258087158203125e-02
7.779779434204101562e-01,-9.710550308227539062e-03
7.778496742248535156e-01,-6.505608558654785156e-03
7.619857788085937500e-01,-5.276799201965332031e-03
7.618594169616699219e-01,-2.062678337097167969e-03
7.617325782775878906e-01,1.150250434875488281e-03
7.457718849182128906e-01,2.407193183898925781e-03
7.298297882080078125e-01,4.395246505737304688e-04
7.137789726257324219e-01,-1.541495323181152344e-03
6.977357864379882812e-01,-6.793498992919921875e-03
6.489086151123046875e-01,-2.277767658233642578e-02
6.325039863586425781e-01,-3.149247169494628906e-02
6.159734725952148438e-01,-4.027438163757324219e-02
5.993156433105468750e-01,-4.912376403808593750e-02
5.994191169738769531e-01,-5.246257781982421875e-02
5.827312469482421875e-01,-6.474924087524414062e-02
5.659084320068359375e-01,-7.713520526885986328e-02
5.488524436950683594e-01,-8.623600006103515625e-02
5.489482879638671875e-01,-8.962213993072509766e-02
5.490441322326660156e-01,-9.300959110260009766e-02
5.318498611450195312e-01,-1.022108793258666992e-01
5.319433212280273438e-01,-1.056143045425415039e-01
5.320372581481933594e-01,-1.090188026428222656e-01
5.321297645568847656e-01,-1.124247312545776367e-01
5.322227478027343750e-01,-1.158314943313598633e-01
5.324101448059082031e-01,-1.226489543914794922e-01
5.325970649719238281e-01,-1.294711828231811523e-01
5.503892898559570312e-01,-1.405563354492187500e-01
5.850615501403808594e-01,-1.422250270843505859e-01
6.026406288146972656e-01,-1.565434932708740234e-01
6.027450561523437500e-01,-1.599196195602416992e-01
6.532502174377441406e-01,-1.521738767623901367e-01
6.701965332031250000e-01,-1.596167087554931641e-01
7.031898498535156250e-01,-1.578140258789062500e-01
7.359910011291503906e-01,-1.626098155975341797e-01
7.521719932556152344e-01,-1.633459329605102539e-01
7.685070037841796875e-01,-1.706146001815795898e-01
7.844839096069335938e-01,-1.713201999664306641e-01
7.850098609924316406e-01,-1.843658685684204102e-01
7.851405143737792969e-01,-1.876299381256103516e-01
8.168106079101562500e-01,-1.889244318008422852e-01
8.169465065002441406e-01,-1.921688318252563477e-01
8.170819282531738281e-01,-1.954145431518554688e-01
8.173542022705078125e-01,-2.019089460372924805e-01
8.174905776977539062e-01,-2.051576375961303711e-01
8.176259994506835938e-01,-2.084076404571533203e-01
8.181715011596679688e-01,-2.214177846908569336e-01
8.027682304382324219e-01,-2.306767702102661133e-01
7.872495651245117188e-01,-2.400051355361938477e-01
7.401146888732910156e-01,-2.717390060424804688e-01
6.425075531005859375e-01,-3.374536037445068359e-01
5.918502807617187500e-01,-3.680263757705688477e-01
5.046319961547851562e-01,-4.170724153518676758e-01
4.138097763061523438e-01,-4.644837379455566406e-01
3.576292991638183594e-01,-4.982544183731079102e-01
3.000383377075195312e-01,-5.328727960586547852e-01
2.409391403198242188e-01,-5.645959377288818359e-01
1.803069114685058594e-01,-5.932958126068115234e-01
1.181659698486328125e-01,-6.266019344329833984e-01
5.438852310180664062e-02,-6.528983116149902344e-01
1.097440719604492188e-02,-6.787496805191040039e-01
-7.814359664916992188e-02,-7.156313657760620117e-01
-1.471152305603027344e-01,-7.564795017242431641e-01
-2.178692817687988281e-01,-7.859244346618652344e-01
-3.905901908874511719e-01,-8.620959520339965820e-01
-4.943127632141113281e-01,-9.053412675857543945e-01
-7.424268722534179688e-01,-1.008787751197814941e+00
-9.511575698852539062e-01,-1.100539684295654297e+00
-1.310305595397949219e+00,-1.250556468963623047e+00
-1.524523258209228516e+00,-1.340035200119018555e+00
-1.873739242553710938e+00,-1.485903263092041016e+00
-2.083934783935546875e+00,-1.573702096939086914e+00
-2.216173648834228516e+00,-1.628938436508178711e+00
-2.398066997528076172e+00,-1.687399029731750488e+00
-2.539750576019287109e+00,-1.728430509567260742e+00
-2.788486003875732422e+00,-1.806684613227844238e+00
-2.890256404876708984e+00,-1.823643088340759277e+00
-3.105228424072265625e+00,-1.885736346244812012e+00
-3.268587589263916016e+00,-1.900061011314392090e+00
-3.322919368743896484e+00,-1.895742177963256836e+00
-3.495436668395996094e+00,-1.917639136314392090e+00
-3.552422523498535156e+00,-1.913314938545227051e+00
-3.672108650207519531e+00,-1.926018357276916504e+00
-3.669629573822021484e+00,-1.911677479743957520e+00
-3.663445472717285156e+00,-1.875909328460693359e+00
-3.654823303222656250e+00,-1.826035857200622559e+00
-3.776781558990478516e+00,-1.837723970413208008e+00
-3.765242576599121094e+00,-1.773095369338989258e+00
-3.761410713195800781e+00,-1.751639962196350098e+00
-3.749966144561767578e+00,-1.687535643577575684e+00
-3.747432708740234375e+00,-1.673343300819396973e+00
-3.737329959869384766e+00,-1.616764187812805176e+00
-3.599158287048339844e+00,-1.504048824310302734e+00
-3.597966670989990234e+00,-1.497158169746398926e+00
-3.466844558715820312e+00,-1.401934266090393066e+00
-3.465715885162353516e+00,-1.395191907882690430e+00
-3.226300239562988281e+00,-1.279010057449340820e+00
-3.110722541809082031e+00,-1.216997981071472168e+00
-3.055128097534179688e+00,-1.193003654479980469e+00
-2.892856121063232422e+00,-1.122966647148132324e+00
-2.839363098144531250e+00,-1.094104647636413574e+00
-2.586528301239013672e+00,-9.851689338684082031e-01
-2.303984165191650391e+00,-8.634321689605712891e-01
-2.214454174041748047e+00,-8.248571157455444336e-01
-2.042966842651367188e+00,-7.613402605056762695e-01
-1.879873752593994141e+00,-7.060346603393554688e-01
-1.799905776977539062e+00,-6.662720441818237305e-01
-1.723152637481689453e+00,-6.428846120834350586e-01
-1.684972286224365234e+00,-6.262643337249755859e-01
-1.610725402832031250e+00,-6.036949157714843750e-01
-1.502318859100341797e+00,-5.707416534423828125e-01
-1.466948032379150391e+00,-5.599895715713500977e-01
-1.329131126403808594e+00,-5.180960893630981445e-01
-1.295566082000732422e+00,-5.078930854797363281e-01
-1.101997375488281250e+00,-4.627472162246704102e-01
-1.009525775909423828e+00,-4.434405565261840820e-01
-8.614864349365234375e-01,-4.199033975601196289e-01
-7.478623390197753906e-01,-4.018381834030151367e-01
-6.651539802551269531e-01,-3.843930959701538086e-01
-5.849108695983886719e-01,-3.759304285049438477e-01
-5.585846900939941406e-01,-3.717447519302368164e-01
-5.588250160217285156e-01,-3.802287578582763672e-01
-5.327153205871582031e-01,-3.760409355163574219e-01
-5.068316459655761719e-01,-3.718889951705932617e-01
-4.811706542968750000e-01,-3.677730560302734375e-01
-4.557313919067382812e-01,-3.636926412582397461e-01
-4.053335189819335938e-01,-3.473793268203735352e-01
-3.804697990417480469e-01,-3.393312692642211914e-01
-3.314027786254882812e-01,-3.234488964080810547e-01
-2.831926345825195312e-01,-3.078438043594360352e-01
-2.594037055969238281e-01,-3.001434803009033203e-01
-2.124400138854980469e-01,-2.849420309066772461e-01
-1.892604827880859375e-01,-2.774391174316406250e-01
-1.434960365295410156e-01,-2.626254558563232422e-01
-1.209039688110351562e-01,-2.553129196166992188e-01
-9.850311279296875000e-02,-2.480621337890625000e-01
-5.426597595214843750e-02,-2.337429523468017578e-01
1.071882247924804688e-02,-2.127082347869873047e-01
7.406663894653320312e-02,-1.809679269790649414e-01
9.482288360595703125e-02,-1.705679893493652344e-01
1.358346939086914062e-01,-1.537175178527832031e-01
1.761760711669921875e-01,-1.371431350708007812e-01
2.158207893371582031e-01,-1.172178983688354492e-01
2.353978157043457031e-01,-1.073787212371826172e-01
2.548127174377441406e-01,-9.762096405029296875e-02
2.741193771362304688e-01,-9.151327610015869141e-02
2.932214736938476562e-01,-8.189809322357177734e-02
3.121676445007324219e-01,-7.236123085021972656e-02
3.308401107788085938e-01,-5.586028099060058594e-02
3.493490219116210938e-01,-3.950440883636474609e-02
3.492856025695800781e-01,-3.600418567657470703e-02
3.490962982177734375e-01,-2.551066875457763672e-02
3.490328788757324219e-01,-2.201533317565917969e-02
3.489699363708496094e-01,-1.852130889892578125e-02
3.487172126770019531e-01,-4.557847976684570312e-03
3.486547470092773438e-01,-1.070022583007812500e-03
3.485918045043945312e-01,2.416491508483886719e-03
3.484659194946289062e-01,9.385585784912109375e-03
3.482775688171386719e-01,1.983010768890380859e-02
3.482146263122558594e-01,2.330887317657470703e-02
3.480896949768066406e-01,3.026318550109863281e-02
3.105807304382324219e-01,2.620041370391845703e-02
2.915649414062500000e-01,2.766144275665283203e-02
2.915115356445312500e-01,3.117501735687255859e-02
2.531766891479492188e-01,2.707540988922119141e-02
2.337493896484375000e-01,2.855515480041503906e-02
1.945528984069824219e-01,2.439022064208984375e-02
1.945166587829589844e-01,2.796924114227294922e-02
1.547026634216308594e-01,2.737474441528320312e-02
1.345357894897460938e-01,3.250014781951904297e-02
1.142725944519042969e-01,3.040206432342529297e-02
9.387254714965820312e-02,2.464294433593750000e-02
9.385490417480468750e-02,2.828860282897949219e-02
7.327985763549804688e-02,2.615857124328613281e-02
5.254411697387695312e-02,2.401185035705566406e-02
3.164958953857421875e-02,2.184867858886718750e-02
-1.063394546508789062e-02,1.375257968902587891e-02
-3.202867507934570312e-02,1.152300834655761719e-02
-9.723091125488281250e-02,4.728198051452636719e-03
-1.193351745605468750e-01,-1.369714736938476562e-03
-1.866993904113769531e-01,-1.227748394012451172e-02
-2.557444572448730469e-01,-2.345776557922363281e-02
-2.791247367858886719e-01,-2.594196796417236328e-02
-3.026981353759765625e-01,-2.844691276550292969e-02
-3.747544288635253906e-01,-4.405212402343750000e-02
-4.237194061279296875e-01,-4.932224750518798828e-02
-4.486064910888671875e-01,-5.602788925170898438e-02
-4.989438056945800781e-01,-6.554317474365234375e-02
-6.287965774536132812e-01,-9.216225147247314453e-02
-7.092690467834472656e-01,-1.010990142822265625e-01
-7.367315292358398438e-01,-1.083810329437255859e-01
-8.204936981201171875e-01,-1.263251304626464844e-01
-9.357423782348632812e-01,-1.481107473373413086e-01
-1.086425781250000000e+00,-1.832951307296752930e-01
-1.211751937866210938e+00,-2.025611400604248047e-01
-1.376005172729492188e+00,-2.360020875930786133e-01
-1.443279266357421875e+00,-2.393351793289184570e-01
-1.477590560913085938e+00,-2.434283494949340820e-01
-1.512244224548339844e+00,-2.475622892379760742e-01
-1.582604408264160156e+00,-2.559561729431152344e-01
-1.654821395874023438e+00,-2.694559097290039062e-01
-1.691287517547607422e+00,-2.738314867019653320e-01
-1.765807151794433594e+00,-2.877358198165893555e-01
-1.841454505920410156e+00,-2.968642711639404297e-01
-1.878411769866943359e+00,-2.862083911895751953e-01
-1.917204380035400391e+00,-2.908095121383666992e-01
-1.916203498840332031e+00,-2.805713415145874023e-01
-2.035009860992431641e+00,-2.944991588592529297e-01
-2.034470081329345703e+00,-2.892978191375732422e-01
-2.072705268859863281e+00,-2.731159925460815430e-01
-2.071601390838623047e+00,-2.626849412918090820e-01
-2.070499420166015625e+00,-2.522652149200439453e-01
-2.068846702575683594e+00,-2.366558313369750977e-01
-2.067197799682617188e+00,-2.210714817047119141e-01
-2.066099643707275391e+00,-2.106957435607910156e-01
-2.064455032348632812e+00,-1.951528787612915039e-01
-2.061720371246337891e+00,-1.693028211593627930e-01
-2.020534992218017578e+00,-1.550228595733642578e-01
-1.938085556030273438e+00,-1.117850542068481445e-01
-1.898358345031738281e+00,-9.809494018554687500e-02
-1.897868156433105469e+00,-9.307491779327392578e-02
-1.818868160247802734e+00,-5.632233619689941406e-02
-1.780522346496582031e+00,-4.318952560424804688e-02
-1.740849018096923828e+00,-1.067495346069335938e-02
-1.702552318572998047e+00,1.173150539398193359e-02
-1.665135383605957031e+00,2.905774116516113281e-02
-1.591983795166015625e+00,5.836570262908935547e-02
-1.555830955505371094e+00,7.513296604156494141e-02
-1.555449485778808594e+00,7.984900474548339844e-02
-1.519348621368408203e+00,1.010776758193969727e-01
-1.449459552764892578e+00,1.289288997650146484e-01
-1.415256977081298828e+00,1.403282880783081055e-01
-1.346981048583984375e+00,1.763823032379150391e-01
-1.280827045440673828e+00,2.026741504669189453e-01
-1.248423576354980469e+00,2.133828401565551758e-01
-1.216355800628662109e+00,2.239806652069091797e-01
-1.184344768524169922e+00,2.388730049133300781e-01
-1.091335773468017578e+00,2.652977705001831055e-01
-1.060629844665527344e+00,2.796717882156372070e-01
-1.000625133514404297e+00,2.994601726531982422e-01
-9.712867736816406250e-01,3.049722909927368164e-01
-9.420156478881835938e-01,3.146455287933349609e-01
-9.132342338562011719e-01,3.200330734252929688e-01
-8.284931182861328125e-01,3.358960151672363281e-01
-8.007659912109375000e-01,3.410861492156982422e-01
-7.732954025268554688e-01,3.462284803390502930e-01
-6.922273635864257812e-01,3.654061555862426758e-01
-6.657462120056152344e-01,3.703451156616210938e-01
-6.132378578186035156e-01,3.880312442779541016e-01
-5.619349479675292969e-01,3.975297212600708008e-01
-5.115337371826171875e-01,4.068613052368164062e-01
-4.621038436889648438e-01,4.121705293655395508e-01
-3.893961906433105469e-01,4.256815910339355469e-01
-3.655743598937988281e-01,4.301083087921142578e-01
-2.723464965820312500e-01,4.437180161476135254e-01
-2.268624305725097656e-01,4.522012472152709961e-01
-1.600732803344726562e-01,4.610180854797363281e-01
-9.490728378295898438e-02,4.660217761993408203e-01
-5.230093002319335938e-02,4.740554094314575195e-01
7.150220870971679688e-02,4.939132332801818848e-01
1.115021705627441406e-01,4.980227351188659668e-01
1.896262168884277344e-01,5.128601789474487305e-01
2.278332710266113281e-01,5.167346000671386719e-01
2.654738426208496094e-01,5.205516219139099121e-01
2.840600013732910156e-01,5.241069793701171875e-01
3.208708763122558594e-01,5.278275609016418457e-01
3.570828437805175781e-01,5.347792506217956543e-01
3.749885559082031250e-01,5.382163524627685547e-01
4.104022979736328125e-01,5.450147986412048340e-01
4.278407096862792969e-01,5.516099333763122559e-01
4.623169898986816406e-01,5.646495223045349121e-01
4.792785644531250000e-01,5.742872953414916992e-01
4.791150093078613281e-01,5.806685090065002441e-01
4.958519935607910156e-01,5.933762788772583008e-01
4.957685470581054688e-01,5.965499877929687500e-01
4.954323768615722656e-01,6.092340350151062012e-01
4.952640533447265625e-01,6.155695319175720215e-01
4.950132369995117188e-01,6.250649094581604004e-01
4.948449134826660156e-01,6.313897371292114258e-01
4.947609901428222656e-01,6.345505714416503906e-01
4.604277610778808594e-01,6.412806510925292969e-01
4.256405830383300781e-01,6.480997204780578613e-01
3.549113273620605469e-01,6.490421891212463379e-01
3.187923431396484375e-01,6.495234966278076172e-01
2.450361251831054688e-01,6.471915245056152344e-01
1.106886863708496094e-01,6.352812647819519043e-01
-3.102016448974609375e-02,6.192160844802856445e-01
-7.294893264770507812e-02,6.159756183624267578e-01
-2.249689102172851562e-01,6.096706986427307129e-01
-3.623013496398925781e-01,5.991923213005065918e-01
-4.576168060302734375e-01,5.956999063491821289e-01
-4.820170402526855469e-01,5.919563174247741699e-01
-5.563855171203613281e-01,5.843838453292846680e-01
-6.584982872009277344e-01,5.765926241874694824e-01
-7.109012603759765625e-01,5.725944638252258301e-01
-7.642331123352050781e-01,5.685253143310546875e-01
-8.185186386108398438e-01,5.643832683563232422e-01
-8.735942840576171875e-01,5.642340183258056641e-01
-1.045265674591064453e+00,5.554121136665344238e-01
-1.227241039276123047e+00,5.374829769134521484e-01
-1.354294776916503906e+00,5.278721451759338379e-01
-1.386996746063232422e+00,5.232038497924804688e-01
-1.486742496490478516e+00,5.133982300758361816e-01
-1.589142322540283203e+00,5.078465938568115234e-01
-1.659670352935791016e+00,4.979190826416015625e-01
-1.695487499237060547e+00,4.928772449493408203e-01
-1.767823219299316406e+00,4.873106479644775391e-01
-1.842129230499267578e+00,4.769006967544555664e-01
-1.879882335662841797e+00,4.716117382049560547e-01
-1.918043613433837891e+00,4.662654995918273926e-01
-2.074902534484863281e+00,4.442902803421020508e-01
-2.155961990356445312e+00,4.329341650009155273e-01
-2.281002521514892578e+00,4.154165983200073242e-01
-2.366120815277099609e+00,4.085026979446411133e-01
-2.498467922210693359e+00,3.900494575500488281e-01
-2.543619632720947266e+00,3.837536573410034180e-01
-2.634803771972656250e+00,3.762271404266357422e-01
-2.728900432586669922e+00,3.631695508956909180e-01
-2.873544692993164062e+00,3.484411239624023438e-01
-2.972630977630615234e+00,3.401644229888916016e-01
-3.022636413574218750e+00,3.387303352355957031e-01
-3.073241233825683594e+00,3.372788429260253906e-01
-3.124454975128173828e+00,3.358099460601806641e-01
-3.228752613067626953e+00,3.328185081481933594e-01
-3.281860828399658203e+00,3.312951326370239258e-01
-3.335624217987060547e+00,3.297530412673950195e-01
-3.390055179595947266e+00,3.281918764114379883e-01
-3.557476043701171875e+00,3.233901262283325195e-01
-3.614703178405761719e+00,3.217486143112182617e-01
-3.611308097839355469e+00,3.395911455154418945e-01
-3.668035507202148438e+00,3.440232276916503906e-01
-3.666880130767822266e+00,3.499979972839355469e-01
-3.602283000946044922e+00,3.870080709457397461e-01
-3.540934085845947266e+00,4.117019176483154297e-01
-3.311481475830078125e+00,4.671623706817626953e-01
-3.096001148223876953e+00,5.086426734924316406e-01
-2.744036197662353516e+00,5.802336335182189941e-01
-2.378118515014648438e+00,6.504920721054077148e-01
-1.966860771179199219e+00,7.271547317504882812e-01
-1.777703762054443359e+00,7.646560668945312500e-01
-1.496041774749755859e+00,8.144906163215637207e-01
-1.145738601684570312e+00,8.606929183006286621e-01
-1.085408210754394531e+00,8.785793781280517578e-01
-8.852982521057128906e-01,9.010941386222839355e-01
-7.763833999633789062e-01,9.188426733016967773e-01
-6.716613769531250000e-01,9.283694624900817871e-01
-5.953845977783203125e-01,9.390392899513244629e-01
-5.703277587890625000e-01,9.450157880783081055e-01
-5.457177162170410156e-01,9.435255527496337891e-01
-5.213065147399902344e-01,9.420475959777832031e-01
-4.730787277221679688e-01,9.391274452209472656e-01
-4.494352340698242188e-01,9.303833842277526855e-01
-4.024219512939453125e-01,9.239663481712341309e-01
-4.025015830993652344e-01,9.203405976295471191e-01
-3.792266845703125000e-01,9.189892411231994629e-01
-3.793759346008300781e-01,9.117618799209594727e-01
-3.794503211975097656e-01,9.081462025642395020e-01
-3.795995712280273438e-01,9.009103775024414062e-01
-3.797483444213867188e-01,8.936689496040344238e-01
-3.798236846923828125e-01,8.900460004806518555e-01
-3.799724578857421875e-01,8.827959895133972168e-01
-3.801975250244140625e-01,8.719102740287780762e-01
-3.802719116210937500e-01,8.682788014411926270e-01
-3.804965019226074219e-01,8.573759198188781738e-01
-3.807220458984375000e-01,8.464601039886474609e-01
-3.809471130371093750e-01,8.355314135551452637e-01
-3.810977935791015625e-01,8.282383680343627930e-01
-3.811726570129394531e-01,8.245897293090820312e-01
-3.580980300903320312e-01,8.163460493087768555e-01
-3.582386970520019531e-01,8.090674281120300293e-01
-3.583798408508300781e-01,8.017830252647399902e-01
-3.353199958801269531e-01,8.009057641029357910e-01
-3.354516029357910156e-01,7.936444878578186035e-01
-3.355836868286132812e-01,7.863773703575134277e-01
-2.673850059509277344e-01,7.875481843948364258e-01
-2.450766563415527344e-01,7.831620573997497559e-01
-2.451238632202148438e-01,7.795827388763427734e-01
-2.229781150817871094e-01,7.752416133880615234e-01
-2.230200767517089844e-01,7.716735005378723145e-01
-2.010335922241210938e-01,7.673767805099487305e-01
-1.575450897216796875e-01,7.588782310485839844e-01
-1.360387802124023438e-01,7.546756267547607422e-01
-1.360645294189453125e-01,7.511550784111022949e-01
-1.146898269653320312e-01,7.505037784576416016e-01
-1.147122383117675781e-01,7.469952702522277832e-01
-9.349584579467773438e-02,7.463622093200683594e-01
-9.351348876953125000e-02,7.428656816482543945e-01
-7.245635986328125000e-02,7.422504425048828125e-01
-5.155801773071289062e-02,7.416400909423828125e-01
-3.081798553466796875e-02,7.410342097282409668e-01
-1.023387908935546875e-02,7.404327392578125000e-01
5.058002471923828125e-02,7.454668283462524414e-01
7.054901123046875000e-02,7.448582649230957031e-01
9.037113189697265625e-02,7.442541718482971191e-01
1.100459098815917969e-01,7.436544299125671387e-01
1.295547485351562500e-01,7.464134693145751953e-01
1.489133834838867188e-01,7.491511702537536621e-01
1.681537628173828125e-01,7.485404014587402344e-01
1.872220039367675781e-01,7.512497901916503906e-01
2.249264717102050781e-01,7.566071152687072754e-01
2.435650825500488281e-01,7.592555284500122070e-01
2.620644569396972656e-01,7.618840932846069336e-01
2.804265022277832031e-01,7.644930481910705566e-01
3.167409896850585938e-01,7.696529626846313477e-01
3.346972465515136719e-01,7.722043395042419434e-01
3.702149391174316406e-01,7.772510051727294922e-01
4.052157402038574219e-01,7.822242379188537598e-01
4.225258827209472656e-01,7.846837639808654785e-01
4.397106170654296875e-01,7.871255874633789062e-01
4.567718505859375000e-01,7.895498275756835938e-01
4.905290603637695312e-01,7.943463325500488281e-01
5.238070487976074219e-01,7.990748286247253418e-01
5.402693748474121094e-01,8.014139533042907715e-01
5.889663696289062500e-01,8.083331584930419922e-01
6.208672523498535156e-01,8.128659129142761230e-01
6.833562850952148438e-01,8.217449188232421875e-01
7.139630317687988281e-01,8.260937333106994629e-01
7.438025474548339844e-01,8.391780257225036621e-01
7.587404251098632812e-01,8.412708044052124023e-01
7.735786437988281250e-01,8.433495163917541504e-01
7.883181571960449219e-01,8.454144597053527832e-01
8.028321266174316406e-01,8.503545522689819336e-01
8.173732757568359375e-01,8.523820638656616211e-01
8.318181037902832031e-01,8.543961048126220703e-01
8.602905273437500000e-01,8.612336516380310059e-01
8.885183334350585938e-01,8.651506900787353516e-01
8.885183334350585938e-01,8.651506900787353516e-01
